{
    "[0.03976608187134503, 0.026833631484794274, 0.11228070175438597, 0.04114490161001789]": [
       {
          "h": 8.586762,
          "sender": "ohoang1",
          "type": "Define",
          "w": 32.51462,
          "x": 3.3918128,
          "y": 0.89445436
       }
    ],
    "[0.17076023391812867, 0.026833631484794274, 0.08771929824561403, 0.03398926654740608]": [
       {
          "h": 8.586762,
          "sender": "ohoang1",
          "type": "Define",
          "w": 32.51462,
          "x": 3.3918128,
          "y": 0.89445436
       }
    ],
    "[0.4152046783625731, 0.13416815742397137, 0.23391812865497075, 0.046511627906976744]": [
       {
          "h": 7.334526,
          "sender": "hoang1",
          "type": "Define",
          "w": 35.321636,
          "x": 31.461988,
          "y": 13.237925
       }
    ],
    "[0.24678362573099416, 0.017889087656529516, 0.10877192982456141, 0.03398926654740608]": [
       {
          "h": 8.586762,
          "sender": "ohoang1",
          "type": "Define",
          "w": 32.51462,
          "x": 3.3918128,
          "y": 0.89445436
       }
    ],
    "[0.09941520467836257, 0.055456171735241505, 0.10058479532163743, 0.03398926654740608]": [
       {
          "h": 8.586762,
          "sender": "ohoang1",
          "type": "Define",
          "w": 32.51462,
          "x": 3.3918128,
          "y": 0.89445436
       }
    ],
    "[0.31812865497076026, 0.14669051878354203, 0.09707602339181287, 0.05008944543828265]": [
       {
          "h": 7.334526,
          "sender": "hoang1",
          "type": "Define",
          "w": 35.321636,
          "x": 31.461988,
          "y": 13.237925
       },
       {
          "h": 6.976744,
          "sender": "hoang2",
          "type": "Define",
          "w": 35.204678,
          "x": 31.461988,
          "y": 13.595707
       }
    ]
 }